solution,f1,f2,f3
"[1, 4, 21, 27, 30]",502.5385557347814,336,223
"[7, 11, 22, 24, 30]",658.2674228609525,244,103
"[0, 4, 9, 19, 26]",531.9191667913462,287,208
