solution,f1,f2,f3
"[0, 4, 15, 28, 29]",677.4806270292901,320,240
"[12, 17, 39, 42, 45]",617.0291727301068,373,307
