solution,f1,f2,f3
"[14, 16, 22, 36, 42]",650.3575939435166,346,229
"[3, 25, 38, 39, 42]",629.8579204868349,328,256
"[5, 6, 16, 24, 36]",498.9078071147013,320,270
