solution,f1,f2,f3
"[0, 6, 9, 12, 47]",577.2936860905374,241,83
"[4, 13, 28, 29, 39]",442.7640455140864,314,179
"[10, 28, 44, 46, 47]",604.6329465055638,225,62
