solution,f1,f2,f3
"[1, 6, 7, 36, 42]",597.8662057684813,259,115
"[7, 9, 15, 20, 46]",727.9629111431433,266,106
"[18, 22, 26, 37, 43]",498.4536086738665,414,357
