solution,f1,f2,f3
"[4, 7, 9, 36, 45]",517.618585446852,379,310
"[6, 11, 25, 46, 49]",530.4573498406822,289,196
"[8, 24, 39, 43, 44]",530.1179114121687,366,304
