solution,f1,f2,f3
"[7, 21, 28, 32, 35]",677.9336250695934,297,247
"[0, 6, 22, 27, 44]",570.5059158326055,315,259
