solution,f1,f2,f3
"[1, 19, 38, 42, 45]",617.0291727301068,311,246
"[5, 20, 31, 33, 40]",604.7230771187751,460,423
