solution,f1,f2,f3
"[5, 9, 11, 21, 24]",531.9191667913462,294,206
"[3, 13, 25, 37, 44]",568.5850859809814,242,139
