solution,f1,f2,f3
"[7, 8, 16, 19, 24]",684.7196506600347,226,66
"[2, 10, 25, 39, 45]",638.6250856331906,326,274
"[5, 20, 22, 37, 47]",674.8570218942676,292,162
