solution,f1,f2,f3
"[8, 18, 22, 24, 47]",684.7196506600347,219,52
"[2, 3, 5, 22, 37]",645.1821448242349,315,212
