solution,f1,f2,f3
"[3, 11, 20, 25, 40]",530.4573498406822,270,106
"[17, 26, 38, 47, 48]",604.6329465055638,215,42
"[17, 19, 26, 40, 43]",502.6778292306117,391,333
