solution,f1,f2,f3
"[6, 15, 22, 33, 47]",597.8662057684813,259,123
"[0, 12, 27, 41, 47]",571.7070928368827,253,142
