solution,f1,f2,f3
"[2, 13, 27, 30, 43]",464.65578657754816,280,226
"[12, 15, 21, 23, 25]",676.2322086384232,332,220
