solution,f1,f2,f3
"[7, 12, 23, 30, 43]",598.2507835347982,273,221
"[1, 27, 37, 42, 48]",617.0291727301068,288,216
"[0, 13, 21, 24, 48]",676.2322086384232,243,99
