solution,f1,f2,f3
"[0, 6, 15, 31, 45]",500.0359987040933,255,174
"[0, 22, 25, 34, 47]",593.0598620712752,244,135
