solution,f1,f2,f3
"[10, 22, 25, 33, 47]",604.6329465055638,217,56
"[3, 15, 21, 25, 31]",458.8027898781785,228,54
