solution,f1,f2,f3
"[0, 3, 18, 30, 45]",451.1507508582913,328,225
"[2, 3, 28, 40, 46]",634.2751768751477,290,149
"[5, 9, 17, 19, 29]",555.4394656485979,301,145
