solution,f1,f2,f3
"[1, 6, 23, 27, 34]",503.0089462425097,291,253
"[0, 2, 7, 24, 49]",634.2751768751477,247,94
