solution,f1,f2,f3
"[3, 17, 23, 29, 30]",585.6295757558697,247,124
"[5, 19, 20, 47, 49]",756.4033315632606,253,122
