solution,f1,f2,f3
"[4, 9, 23, 28, 47]",531.9191667913462,416,349
"[3, 8, 23, 36, 42]",579.055265065434,324,203
"[1, 28, 29, 37, 43]",552.2771043597588,317,228
