solution,f1,f2,f3
"[8, 20, 28, 41, 47]",604.6329465055638,260,101
"[5, 9, 10, 20, 23]",531.9191667913462,283,153
