solution,f1,f2,f3
"[0, 15, 24, 41, 48]",628.143295753445,278,126
"[6, 9, 22, 24, 44]",531.9191667913462,292,157
