solution,f1,f2,f3
"[6, 23, 35, 44, 46]",597.5717530138118,257,132
"[6, 8, 23, 33, 47]",563.0177617091667,275,125
"[3, 12, 22, 24, 35]",598.2507835347982,221,68
