solution,f1,f2,f3
"[5, 6, 11, 28, 31]",530.4573498406822,346,294
"[7, 18, 23, 38, 42]",617.0291727301068,265,118
"[17, 21, 24, 32, 42]",617.0291727301068,254,139
