solution,f1,f2,f3
"[4, 8, 20, 24, 39]",579.055265065434,262,171
"[6, 11, 25, 29, 35]",530.4573498406822,284,193
