solution,f1,f2,f3
"[11, 39, 43, 45, 48]",583.0891870031547,325,280
"[5, 16, 22, 25, 40]",498.4536086738665,351,271
"[14, 16, 29, 46, 47]",699.7042232257855,249,144
