solution,f1,f2,f3
"[1, 5, 25, 30, 47]",445.00449435932666,294,238
"[3, 13, 20, 24, 34]",458.8027898781785,211,31
"[6, 7, 30, 44, 46]",597.8662057684813,207,19
