solution,f1,f2,f3
"[18, 24, 40, 42, 48]",617.0291727301068,230,60
"[6, 7, 9, 24, 39]",530.1179114121687,280,169
"[1, 6, 16, 41, 45]",527.0341544909589,368,278
