solution,f1,f2,f3
"[2, 5, 16, 27, 30]",464.65578657754816,274,162
"[1, 3, 24, 41, 47]",512.7670036186026,259,164
