solution,f1,f2,f3
"[1, 6, 19, 36, 42]",597.8662057684813,234,67
"[1, 3, 21, 27, 36]",458.8027898781785,269,129
