solution,f1,f2,f3
"[6, 9, 20, 24, 49]",524.6579838332779,255,133
"[6, 8, 16, 25, 36]",568.5850859809814,241,90
