solution,f1,f2,f3
"[0, 12, 28, 31, 47]",571.7070928368827,231,94
"[2, 3, 18, 27, 34]",576.0112846116818,242,71
"[5, 12, 13, 23, 49]",527.3755777432247,266,136
