solution,f1,f2,f3
"[5, 10, 28, 40, 46]",528.9810960705496,294,196
"[4, 16, 25, 41, 47]",568.5850859809814,293,237
"[16, 41, 43, 45, 48]",517.618585446852,335,290
