solution,f1,f2,f3
"[4, 14, 23, 26, 41]",454.0704791108975,314,234
"[1, 3, 21, 24, 30]",458.8027898781785,212,25
"[3, 15, 19, 23, 36]",585.6295757558697,212,19
