solution,f1,f2,f3
"[1, 5, 19, 24, 40]",486.7412043375823,339,253
"[7, 19, 22, 26, 39]",658.2674228609525,313,176
"[6, 21, 24, 34, 47]",593.0598620712752,323,220
