solution,f1,f2,f3
"[1, 7, 8, 25, 41]",638.6250856331906,304,137
"[2, 25, 29, 40, 42]",634.2751768751477,276,171
"[6, 21, 33, 44, 45]",524.6579838332779,343,267
