solution,f1,f2,f3
"[1, 7, 29, 39, 42]",650.3575939435166,236,65
"[2, 10, 25, 32, 46]",638.6250856331906,301,158
