solution,f1,f2,f3
"[5, 21, 26, 44, 46]",570.5059158326055,316,230
"[3, 12, 22, 24, 30]",598.2507835347982,249,96
