solution,f1,f2,f3
"[2, 6, 22, 25, 33]",586.8730697518843,301,183
"[5, 14, 24, 27, 33]",530.1179114121687,357,340
"[7, 20, 39, 45, 47]",645.6903282534129,298,192
