solution,f1,f2,f3
"[3, 9, 10, 28, 33]",516.8065402062942,237,89
"[4, 7, 9, 30, 45]",473.5271903491921,350,281
