solution,f1,f2,f3
"[0, 19, 27, 36, 47]",673.5465833927153,267,172
"[3, 24, 30, 35, 46]",685.5107584859628,229,67
