solution,f1,f2,f3
"[6, 9, 10, 21, 28]",531.9191667913462,282,152
"[1, 3, 12, 27, 34]",563.4980035457091,229,69
