solution,f1,f2,f3
"[18, 23, 36, 47, 48]",604.6329465055638,214,27
"[1, 3, 27, 38, 46]",458.8027898781785,325,239
"[3, 9, 10, 26, 30]",463.9191739947812,222,51
