solution,f1,f2,f3
"[1, 3, 24, 39, 42]",530.1179114121687,242,116
"[14, 20, 26, 38, 43]",493.54331116934407,369,305
"[0, 6, 17, 20, 30]",577.2936860905374,243,76
