solution,f1,f2,f3
"[1, 5, 9, 27, 31]",582.0601343503951,216,54
"[0, 19, 24, 36, 48]",673.5465833927153,215,55
"[2, 13, 24, 30, 43]",442.7640455140864,252,205
"[4, 14, 24, 30, 34]",447.8236259957708,278,183
"[3, 15, 21, 25, 30]",458.8027898781785,219,45
"[1, 4, 12, 28, 30]",413.35819817683546,281,176
"[3, 11, 12, 27, 41]",563.4980035457091,217,34
"[2, 14, 20, 29, 30]",735.941573767918,209,21
"[0, 12, 24, 31, 46]",683.5327351341705,212,22
"[6, 14, 29, 34, 47]",597.8662057684813,217,33
