solution,f1,f2,f3
"[6, 8, 30, 41, 46]",597.8662057684813,286,193
"[3, 16, 21, 22, 42]",676.2322086384232,282,163
