solution,f1,f2,f3
"[4, 11, 19, 30, 47]",739.1589815459189,233,144
"[0, 17, 43, 47, 48]",703.7932935173509,280,239
"[3, 14, 18, 37, 45]",553.8519657814712,306,173
