solution,f1,f2,f3
"[0, 17, 21, 25, 39]",593.3169473392784,294,184
"[9, 12, 16, 20, 25]",638.6250856331906,293,158
"[3, 13, 42, 45, 49]",517.618585446852,340,274
