solution,f1,f2,f3
"[3, 4, 12, 29, 39]",683.9795318574965,279,208
"[5, 14, 22, 23, 35]",527.3755777432247,300,184
