solution,f1,f2,f3
"[6, 8, 14, 26, 34]",561.6262102145874,278,164
"[8, 12, 16, 23, 29]",855.6412799766033,235,87
"[3, 10, 23, 39, 42]",560.1473020554504,308,189
