solution,f1,f2,f3
"[17, 22, 28, 36, 48]",663.7017402418047,226,43
"[3, 9, 24, 29, 35]",468.3769849170644,281,158
