solution,f1,f2,f3
"[4, 12, 22, 23, 38]",597.5968540747182,255,153
"[0, 10, 24, 32, 47]",565.7428744579997,261,153
