solution,f1,f2,f3
"[10, 11, 23, 25, 44]",638.6250856331906,232,56
"[6, 10, 16, 24, 49]",503.0089462425097,238,76
