solution,f1,f2,f3
"[11, 18, 23, 25, 36]",638.6250856331906,255,93
"[5, 8, 24, 33, 48]",563.0177617091667,269,200
"[0, 21, 25, 29, 34]",593.3169473392784,300,190
