solution,f1,f2,f3
"[0, 2, 7, 24, 36]",634.2751768751477,237,93
"[5, 8, 22, 35, 42]",579.055265065434,277,195
