solution,f1,f2,f3
"[6, 15, 36, 45, 46]",503.0089462425097,269,228
"[3, 10, 11, 23, 36]",585.6295757558697,265,175
"[14, 19, 25, 32, 47]",604.6329465055638,246,87
