solution,f1,f2,f3
"[11, 32, 41, 42, 47]",650.3575939435166,336,322
"[0, 12, 21, 26, 47]",676.2322086384232,287,185
