solution,f1,f2,f3
"[6, 11, 13, 28, 41]",503.0089462425097,263,108
"[0, 18, 20, 30, 42]",644.2895311892007,228,77
