solution,f1,f2,f3
"[4, 16, 21, 25, 38]",494.5563668582177,326,233
"[0, 7, 14, 21, 30]",701.0,235,73
"[7, 13, 31, 45, 47]",604.6329465055638,243,114
