solution,f1,f2,f3
"[2, 5, 14, 29, 35]",555.4394656485979,278,128
"[2, 8, 16, 45, 49]",735.941573767918,233,78
