solution,f1,f2,f3
"[6, 15, 21, 24, 31]",503.0089462425097,226,53
"[0, 6, 10, 31, 48]",577.2936860905374,217,41
