solution,f1,f2,f3
"[5, 9, 11, 23, 47]",531.9191667913462,351,262
"[5, 10, 12, 26, 36]",561.6262102145874,267,152
