solution,f1,f2,f3
"[21, 27, 42, 44, 48]",617.0291727301068,301,229
"[0, 2, 7, 31, 45]",634.2751768751477,293,199
"[7, 8, 24, 28, 34]",658.2674228609525,280,191
