solution,f1,f2,f3
"[0, 11, 21, 25, 30]",593.3169473392784,235,73
"[6, 11, 15, 41, 45]",527.0341544909589,324,234
