solution,f1,f2,f3
"[6, 10, 25, 44, 46]",570.5059158326055,290,197
"[15, 20, 25, 36, 47]",604.6329465055638,227,63
"[1, 6, 21, 37, 47]",597.8662057684813,271,126
