solution,f1,f2,f3
"[0, 2, 23, 41, 42]",634.2751768751477,303,168
"[30, 39, 42, 46, 47]",650.3575939435166,228,67
