solution,f1,f2,f3
"[0, 7, 10, 20, 25]",690.1630242196404,270,154
"[2, 5, 14, 25, 35]",576.0737799969722,287,212
"[0, 6, 9, 21, 40]",577.2936860905374,291,195
