solution,f1,f2,f3
"[4, 16, 21, 25, 37]",494.5563668582177,325,232
"[0, 2, 5, 44, 46]",570.5059158326055,307,212
"[9, 11, 16, 25, 26]",638.6250856331906,287,257
