solution,f1,f2,f3
"[0, 1, 24, 30, 47]",565.7428744579997,279,161
"[1, 4, 24, 33, 48]",530.1179114121687,304,240
