solution,f1,f2,f3
"[1, 5, 26, 33, 46]",570.9264400953945,415,329
"[2, 26, 34, 42, 47]",604.6329465055638,363,276
