solution,f1,f2,f3
"[3, 11, 12, 28, 37]",530.4573498406822,226,46
"[3, 11, 17, 25, 33]",608.8365954835501,216,40
"[3, 13, 29, 40, 45]",458.8027898781785,265,176
