solution,f1,f2,f3
"[5, 8, 21, 29, 32]",579.055265065434,294,179
"[0, 2, 30, 45, 48]",634.2751768751477,286,179
