solution,f1,f2,f3
"[6, 10, 13, 26, 34]",561.6262102145874,296,182
"[4, 9, 18, 35, 45]",576.0737799969722,247,97
