solution,f1,f2,f3
"[1, 4, 21, 25, 31]",502.5385557347814,329,234
"[4, 5, 19, 21, 44]",586.9829639776609,277,215
