solution,f1,f2,f3
"[12, 20, 41, 42, 47]",650.3575939435166,246,113
"[0, 9, 26, 33, 42]",572.9650949228932,331,266
"[2, 12, 25, 27, 40]",638.6250856331906,309,286
