solution,f1,f2,f3
"[0, 18, 24, 42, 49]",572.9650949228932,273,137
"[4, 8, 9, 24, 28]",531.9191667913462,334,245
"[6, 12, 27, 31, 33]",571.7070928368827,318,226
