solution,f1,f2,f3
"[3, 10, 18, 37, 45]",550.5460925299534,236,80
"[4, 10, 16, 28, 36]",465.39553070479735,278,148
