solution,f1,f2,f3
"[16, 25, 29, 33, 47]",604.6329465055638,270,140
"[7, 13, 20, 26, 49]",658.2674228609525,240,100
"[6, 13, 23, 41, 43]",560.1473020554504,318,290
