solution,f1,f2,f3
"[14, 21, 24, 33, 47]",604.6329465055638,222,59
"[6, 17, 24, 40, 47]",530.1179114121687,271,168
