solution,f1,f2,f3
"[6, 9, 26, 31, 48]",548.0082116173078,283,170
"[0, 6, 7, 8, 36]",577.2936860905374,219,50
"[3, 8, 39, 44, 45]",560.5604338516945,289,154
