solution,f1,f2,f3
"[6, 23, 35, 44, 46]",597.5717530138118,257,132
"[0, 3, 15, 26, 30]",453.1710493842253,324,208
