solution,f1,f2,f3
"[9, 12, 24, 43, 49]",472.3060448480413,315,261
"[0, 4, 9, 14, 27]",578.7270513808734,326,235
"[16, 20, 27, 34, 42]",617.0291727301068,301,229
