solution,f1,f2,f3
"[5, 13, 22, 25, 35]",496.4121271685453,344,264
"[3, 5, 12, 21, 41]",598.2507835347982,290,144
"[6, 15, 17, 24, 38]",530.1179114121687,301,159
