solution,f1,f2,f3
"[3, 17, 21, 25, 37]",458.8027898781785,266,105
"[3, 19, 36, 44, 46]",727.9629111431433,262,96
