solution,f1,f2,f3
"[6, 11, 28, 33, 42]",530.4573498406822,270,152
"[1, 7, 23, 33, 47]",604.6329465055638,211,26
