solution,f1,f2,f3
"[3, 28, 35, 44, 46]",543.7986759822057,268,106
"[12, 21, 25, 35, 42]",617.0291727301068,237,113
