solution,f1,f2,f3
"[10, 24, 36, 43, 44]",506.62806870523866,340,280
"[5, 22, 35, 44, 46]",573.4710106012334,301,166
