solution,f1,f2,f3
"[1, 22, 26, 35, 43]",498.4536086738665,415,358
"[6, 18, 23, 24, 30]",524.6579838332779,270,167
"[5, 7, 16, 34, 46]",573.4710106012334,273,159
