solution,f1,f2,f3
"[3, 11, 33, 45, 46]",530.4573498406822,319,242
"[0, 10, 25, 39, 42]",572.9650949228932,267,180
