solution,f1,f2,f3
"[7, 12, 26, 29, 41]",658.2674228609525,280,168
"[2, 5, 10, 38, 46]",573.4710106012334,337,211
