solution,f1,f2,f3
"[6, 8, 19, 23, 33]",563.0177617091667,233,93
"[5, 7, 17, 28, 32]",486.18617833089417,322,245
"[7, 11, 22, 27, 39]",658.2674228609525,227,109
