solution,f1,f2,f3
"[7, 16, 21, 24, 38]",658.2674228609525,224,58
"[2, 5, 9, 24, 42]",536.7327081518323,405,348
"[0, 5, 8, 21, 40]",586.9829639776609,307,184
