solution,f1,f2,f3
"[6, 12, 14, 26, 38]",570.2850164610675,258,144
"[4, 15, 21, 26, 41]",502.5385557347814,356,250
