solution,f1,f2,f3
"[2, 7, 20, 28, 41]",668.4579268734869,222,41
"[2, 5, 18, 28, 49]",491.07433245894657,313,214
