solution,f1,f2,f3
"[8, 20, 24, 33, 42]",617.0291727301068,217,36
"[1, 5, 9, 27, 31]",582.0601343503951,216,54
"[0, 19, 24, 36, 48]",673.5465833927153,215,55
"[2, 13, 24, 30, 43]",442.7640455140864,252,205
"[4, 14, 24, 30, 34]",447.8236259957708,278,183
"[4, 7, 18, 24, 30]",435.0413773424317,285,222
"[3, 15, 21, 25, 30]",458.8027898781785,219,45
