solution,f1,f2,f3
"[1, 26, 37, 43, 46]",525.2903958764142,414,352
"[3, 25, 33, 34, 47]",590.6174734970174,308,218
