solution,f1,f2,f3
"[2, 7, 19, 29, 40]",699.7042232257855,265,123
"[0, 4, 29, 40, 47]",683.9795318574965,277,211
"[5, 11, 27, 30, 42]",530.4573498406822,348,289
