solution,f1,f2,f3
"[1, 6, 29, 30, 42]",597.8662057684813,243,114
"[6, 10, 30, 45, 47]",528.9810960705496,280,196
