solution,f1,f2,f3
"[16, 29, 43, 45, 49]",525.2903958764142,343,257
"[5, 10, 22, 37, 46]",573.4710106012334,260,125
