solution,f1,f2,f3
"[7, 17, 23, 33, 42]",617.0291727301068,252,96
"[4, 6, 15, 27, 30]",492.3342360632663,309,255
"[2, 6, 9, 27, 30]",503.0089462425097,246,157
