solution,f1,f2,f3
"[4, 9, 18, 28, 43]",552.552259971851,363,356
"[9, 25, 41, 42, 43]",540.3702434442519,386,350
"[0, 3, 8, 37, 42]",644.2895311892007,275,190
