solution,f1,f2,f3
"[5, 7, 22, 37, 49]",674.8570218942676,326,252
"[2, 4, 17, 21, 29]",683.9795318574965,247,129
