solution,f1,f2,f3
"[9, 21, 24, 42, 43]",531.9191667913462,340,302
"[1, 3, 5, 13, 34]",697.1836200026504,268,126
"[3, 22, 26, 33, 44]",528.2972648045795,341,205
