solution,f1,f2,f3
"[0, 24, 29, 44, 47]",570.5059158326055,282,145
"[8, 26, 34, 42, 46]",617.0291727301068,259,185
