solution,f1,f2,f3
"[0, 1, 33, 45, 47]",565.7428744579997,352,247
"[6, 8, 27, 36, 42]",579.055265065434,345,287
