solution,f1,f2,f3
"[3, 8, 14, 19, 45]",684.7196506600347,241,92
"[5, 34, 43, 47, 49]",604.5312233458252,455,435
