solution,f1,f2,f3
"[8, 11, 29, 37, 42]",650.3575939435166,335,191
"[19, 26, 37, 43, 44]",502.6778292306117,431,373
