solution,f1,f2,f3
"[7, 12, 25, 37, 46]",638.6250856331906,230,92
"[3, 16, 29, 37, 45]",458.8027898781785,261,172
