solution,f1,f2,f3
"[3, 5, 14, 30, 49]",586.9829639776609,307,228
"[16, 25, 37, 42, 43]",550.5460925299534,364,328
"[0, 2, 25, 28, 31]",634.2751768751477,284,188
