solution,f1,f2,f3
"[15, 20, 26, 40, 43]",525.2903958764142,395,329
"[0, 2, 24, 29, 31]",683.5327351341705,224,48
