solution,f1,f2,f3
"[2, 6, 30, 39, 46]",630.0293643950256,237,83
"[3, 15, 22, 26, 37]",468.0106836387392,283,147
