solution,f1,f2,f3
"[5, 15, 22, 29, 38]",555.4394656485979,300,154
"[0, 6, 34, 47, 49]",593.0598620712752,278,201
