solution,f1,f2,f3
"[0, 4, 8, 25, 40]",562.8374543329539,329,252
"[16, 23, 33, 42, 43]",560.1473020554504,337,295
"[0, 11, 24, 38, 47]",565.7428744579997,263,94
