solution,f1,f2,f3
"[2, 6, 15, 28, 40]",503.0089462425097,216,61
"[0, 5, 11, 23, 40]",501.8615346886031,289,188
