solution,f1,f2,f3
"[0, 8, 14, 28, 42]",684.7196506600347,313,195
"[5, 17, 20, 28, 41]",559.7946051901537,341,227
