solution,f1,f2,f3
"[5, 13, 27, 30, 48]",460.3357470368774,277,193
"[0, 9, 10, 20, 48]",714.003501391975,271,174
"[0, 6, 12, 26, 38]",571.7070928368827,282,186
