solution,f1,f2,f3
"[19, 23, 29, 43, 44]",570.5059158326055,397,324
"[7, 10, 24, 31, 47]",604.6329465055638,272,132
