solution,f1,f2,f3
"[6, 15, 26, 30, 41]",503.0089462425097,320,229
"[16, 20, 26, 30, 48]",663.7017402418047,225,69
