solution,f1,f2,f3
"[4, 11, 18, 28, 36]",465.39553070479735,278,162
"[19, 25, 37, 44, 48]",638.6250856331906,242,76
