solution,f1,f2,f3
"[0, 6, 18, 26, 37]",531.199585843212,274,178
"[2, 14, 24, 30, 43]",415.1204644437564,264,217
"[0, 7, 8, 35, 42]",644.2895311892007,264,135
