solution,f1,f2,f3
"[3, 14, 19, 26, 30]",458.8027898781785,227,68
"[17, 23, 38, 47, 48]",604.6329465055638,211,34
