solution,f1,f2,f3
"[7, 11, 36, 43, 45]",530.4573498406822,347,302
"[7, 20, 24, 38, 43]",629.8579204868349,303,262
