solution,f1,f2,f3
"[0, 7, 15, 26, 41]",617.9482178953185,336,222
"[19, 23, 30, 36, 48]",673.5465833927153,250,121
