solution,f1,f2,f3
"[4, 15, 25, 39, 48]",583.0891870031547,315,254
"[0, 3, 5, 19, 39]",639.038340007859,323,228
