solution,f1,f2,f3
"[0, 15, 20, 24, 46]",690.1630242196404,278,158
"[3, 17, 29, 32, 45]",458.8027898781785,287,198
"[25, 37, 46, 48, 49]",674.8570218942676,267,194
