solution,f1,f2,f3
"[3, 8, 22, 27, 34]",575.8168111474342,265,137
"[0, 3, 8, 23, 40]",562.8374543329539,282,147
"[3, 8, 22, 26, 35]",579.055265065434,264,128
