solution,f1,f2,f3
"[0, 2, 3, 7, 10, 24, 28, 30, 32, 46]",295.1948509036023,150,107
"[0, 1, 3, 6, 16, 22, 24, 29, 30, 45]",298.41246622753545,126,67
"[0, 1, 3, 16, 18, 24, 28, 29, 30, 45]",310.94211679989576,118,46
"[0, 1, 3, 16, 24, 28, 29, 30, 41, 46]",305.8512710452582,122,69
"[0, 1, 4, 8, 20, 26, 28, 30, 41, 49]",280.1660222082614,169,131
"[1, 4, 12, 18, 19, 25, 28, 29, 30, 43]",389.8025141016923,111,23
"[0, 1, 3, 16, 18, 19, 22, 24, 29, 30]",335.08954027244715,115,43
"[0, 3, 11, 16, 24, 28, 29, 30, 46, 47]",295.7431317883815,127,71
"[8, 10, 18, 19, 25, 28, 31, 43, 45, 49]",412.49606058724976,110,27
"[2, 6, 8, 9, 18, 24, 27, 31, 43, 45]",458.8027898781785,109,27
"[0, 4, 16, 20, 28, 29, 30, 45, 46, 47]",555.4394656485979,108,21
"[0, 1, 3, 16, 18, 25, 28, 29, 30, 45]",318.5231545743574,118,42
"[0, 2, 8, 16, 18, 26, 28, 45, 47, 48]",458.8027898781785,110,26
"[4, 6, 7, 13, 27, 28, 31, 43, 45, 47]",377.0053050024628,113,36
"[0, 2, 3, 5, 7, 10, 25, 28, 30, 32]",287.4717377412952,150,110
"[0, 5, 6, 7, 16, 24, 28, 29, 30, 46]",503.0089462425097,110,20
"[0, 11, 16, 19, 22, 24, 29, 30, 45, 49]",344.05232160239814,121,38
"[2, 3, 10, 17, 24, 25, 28, 29, 35, 45]",285.112258592997,166,148
"[1, 4, 13, 18, 19, 22, 24, 29, 30, 43]",377.0053050024628,111,38
"[0, 1, 3, 16, 19, 21, 26, 28, 31, 45]",355.31676008879737,119,40
