solution,f1,f2,f3
"[0, 1, 3, 16, 19, 21, 26, 28, 31, 45]",355.31676008879737,119,40
"[1, 4, 12, 18, 19, 22, 27, 33, 40, 43]",389.8025141016923,111,25
"[0, 1, 14, 19, 22, 24, 29, 30, 45, 49]",336.0014880919428,116,44
"[0, 1, 3, 16, 18, 19, 22, 24, 33, 48]",365.0219171501898,115,43
"[0, 1, 3, 6, 16, 22, 24, 29, 30, 45]",298.41246622753545,126,67
"[1, 4, 13, 18, 19, 22, 24, 29, 30, 43]",377.0053050024628,111,38
"[0, 3, 11, 16, 24, 28, 29, 40, 46, 47]",295.7431317883815,127,71
"[0, 1, 3, 6, 16, 21, 25, 28, 29, 30]",301.08636634693374,128,66
"[0, 1, 4, 8, 20, 26, 28, 30, 41, 49]",280.1660222082614,169,131
"[0, 11, 16, 24, 28, 29, 30, 41, 46, 49]",336.0014880919428,114,61
"[0, 1, 3, 16, 18, 25, 28, 29, 30, 45]",318.5231545743574,117,41
"[0, 2, 3, 5, 7, 10, 25, 28, 30, 32]",287.4717377412952,150,110
"[0, 11, 16, 19, 22, 24, 29, 30, 45, 49]",344.05232160239814,121,38
"[0, 2, 3, 7, 10, 24, 28, 30, 32, 46]",295.1948509036023,150,107
"[0, 1, 3, 16, 18, 22, 24, 29, 30, 45]",310.94211679989576,118,46
"[0, 5, 6, 7, 16, 24, 28, 29, 30, 46]",503.0089462425097,110,20
"[2, 3, 10, 17, 24, 25, 28, 29, 30, 45]",285.112258592997,166,148
"[0, 3, 11, 16, 22, 24, 29, 30, 46, 47]",302.03476621077914,125,69
"[1, 4, 13, 18, 19, 25, 28, 29, 30, 43]",377.0053050024628,113,23
"[1, 13, 20, 22, 24, 29, 30, 43, 45, 49]",373.048254251377,113,41
"[0, 16, 18, 21, 26, 28, 29, 30, 45, 49]",402.61271713645607,109,25
