solution,f1,f2,f3
"[0, 2, 3, 5, 7, 10, 25, 28, 30, 32]",287.4717377412952,150,110
"[0, 3, 11, 16, 24, 28, 29, 30, 46, 47]",295.7431317883815,127,71
"[0, 1, 3, 14, 18, 19, 24, 27, 29, 30]",335.08954027244715,113,41
"[1, 4, 12, 18, 19, 25, 28, 29, 30, 43]",389.8025141016923,111,23
"[0, 2, 3, 7, 10, 24, 28, 30, 32, 46]",295.1948509036023,150,107
"[0, 1, 3, 6, 16, 22, 24, 29, 40, 45]",298.41246622753545,126,67
"[0, 1, 3, 16, 18, 25, 28, 29, 30, 45]",318.5231545743574,118,42
"[0, 1, 3, 16, 18, 24, 28, 29, 30, 45]",310.94211679989576,118,46
"[2, 3, 10, 17, 24, 25, 28, 29, 30, 45]",285.112258592997,166,148
"[1, 4, 14, 17, 20, 26, 28, 30, 41, 49]",282.6517291650628,185,147
"[2, 8, 13, 18, 25, 28, 43, 45, 47, 48]",458.8027898781785,106,16
"[0, 1, 3, 16, 24, 28, 29, 30, 41, 46]",305.8512710452582,122,69
"[0, 1, 2, 3, 8, 24, 25, 28, 30, 45]",280.1660222082614,176,158
"[1, 4, 7, 13, 18, 27, 28, 31, 43, 45]",377.0053050024628,112,24
"[0, 1, 3, 6, 16, 21, 25, 28, 29, 35]",301.08636634693374,128,66
