solution,f1,f2,f3
"[1, 3, 8, 27, 30]",460.3357470368774,248,85
"[1, 5, 7, 28, 30]",402.61271713645607,295,218
"[3, 8, 9, 25, 30]",463.9191739947812,211,22
"[0, 1, 3, 24, 31]",452.4433666217243,257,99
"[1, 2, 4, 28, 30]",413.35819817683546,265,173
