solution,f1,f2,f3
"[0, 1, 3, 16, 18, 24, 28, 29, 30, 45]",310.94211679989576,117,45
"[0, 1, 3, 16, 22, 24, 29, 30, 41, 45]",298.41246622753545,124,69
"[0, 1, 3, 6, 16, 24, 28, 29, 40, 45]",298.41246622753545,126,67
"[2, 7, 15, 27, 28, 31, 41, 43, 45, 46]",469.9361658778775,111,26
"[0, 1, 3, 16, 18, 19, 22, 24, 29, 30]",335.08954027244715,115,43
"[8, 10, 18, 19, 25, 28, 31, 43, 45, 49]",412.49606058724976,110,27
"[0, 11, 16, 19, 22, 24, 29, 30, 45, 49]",344.05232160239814,121,38
"[0, 11, 16, 24, 28, 29, 30, 41, 46, 49]",336.0014880919428,114,61
"[0, 1, 3, 6, 16, 21, 25, 28, 29, 35]",301.08636634693374,128,66
"[5, 6, 7, 13, 24, 28, 29, 30, 43, 46]",503.0089462425097,110,19
"[0, 1, 3, 16, 18, 25, 28, 29, 30, 45]",318.5231545743574,117,41
"[0, 2, 3, 5, 7, 10, 25, 28, 30, 32]",287.4717377412952,150,110
"[0, 2, 3, 7, 10, 24, 28, 30, 32, 46]",295.1948509036023,150,107
"[0, 3, 11, 16, 24, 28, 29, 30, 46, 47]",295.7431317883815,127,71
"[0, 14, 21, 24, 29, 30, 41, 45, 47, 49]",374.0655022853618,114,60
"[0, 1, 4, 5, 7, 25, 28, 30, 32, 49]",280.1660222082614,155,126
"[1, 4, 13, 18, 19, 22, 27, 29, 30, 43]",377.0053050024628,112,26
"[0, 4, 16, 20, 28, 29, 30, 45, 46, 47]",555.4394656485979,108,21
